-- phpMyAdmin SQL Dump
-- version 4.0.4.2
-- http://www.phpmyadmin.net
--
-- Host: localhost
-- Generation Time: Aug 16, 2013 at 12:08 AM
-- Server version: 5.5.32-cll
-- PHP Version: 5.3.17

SET SQL_MODE = "NO_AUTO_VALUE_ON_ZERO";
SET time_zone = "+00:00";


/*!40101 SET @OLD_CHARACTER_SET_CLIENT=@@CHARACTER_SET_CLIENT */;
/*!40101 SET @OLD_CHARACTER_SET_RESULTS=@@CHARACTER_SET_RESULTS */;
/*!40101 SET @OLD_COLLATION_CONNECTION=@@COLLATION_CONNECTION */;
/*!40101 SET NAMES utf8 */;

--
-- Database: `futuragr_davidtrussler`
--

DROP DATABASE `futuragr_davidtrussler`;
CREATE DATABASE IF NOT EXISTS `futuragr_davidtrussler` DEFAULT CHARACTER SET latin1 COLLATE latin1_swedish_ci;
USE `futuragr_davidtrussler`;

-- --------------------------------------------------------

--
-- Table structure for table `blog_authors`
--

CREATE TABLE IF NOT EXISTS `blog_authors` (
  `author_id` int(11) NOT NULL AUTO_INCREMENT,
  `name` tinytext,
  PRIMARY KEY (`author_id`)
) ENGINE=MyISAM DEFAULT CHARSET=latin1 AUTO_INCREMENT=1 ;

-- --------------------------------------------------------

--
-- Table structure for table `blog_comments`
--

CREATE TABLE IF NOT EXISTS `blog_comments` (
  `commentId` int(11) NOT NULL AUTO_INCREMENT,
  `timestamp` timestamp NOT NULL DEFAULT CURRENT_TIMESTAMP ON UPDATE CURRENT_TIMESTAMP,
  `author` tinytext,
  `email` tinytext,
  `website` tinytext,
  `postId` int(11) DEFAULT NULL,
  `body` text,
  `title` tinytext,
  `notify` tinytext,
  PRIMARY KEY (`commentId`)
) ENGINE=MyISAM  DEFAULT CHARSET=latin1 AUTO_INCREMENT=181 ;

--
-- Dumping data for table `blog_comments`
--

INSERT INTO `blog_comments` (`commentId`, `timestamp`, `author`, `email`, `website`, `postId`, `body`, `title`, `notify`) VALUES
(1, '2012-05-21 05:57:43', 'cheap England shirts', 'mark.r.rossetti@bc.edu', 'www.footballmall.org/england-football-shirts-c-8_16.html', 1, '"C Ronaldo must take the ball, because his goals in exchange for the trophy, although he did not like last season as top scorer." Mourinho said, "Messi has scored 50 goals,However, these goals worthless, not being able to exchange the trophy last season, Messi rely on champion to get a Golden Globe, this year it is our turn. "', '', 'false'),
(2, '2012-05-21 06:06:17', 'football shirts', 'sara1@gieske.us', 'www.footballmall.org', 2, 'Barcelona ready to Drogba out of a two-year, annual salary of £ 5,000,000 of the lucrative contract, Chelsea side for the World of Warcraft out of a two-year contract, Abu intend to leave the World of Warcraft.', '', 'false'),
(3, '2012-05-21 06:06:27', 'football shirts', 'sara1@gieske.us', 'www.footballmall.org', 2, 'Barcelona ready to Drogba out of a two-year, annual salary of £ 5,000,000 of the lucrative contract, Chelsea side for the World of Warcraft out of a two-year contract, Abu intend to leave the World of Warcraft.', '', 'false'),
(4, '2012-07-24 09:08:14', 'Real Madrid soccer jersey 2012', 'yug@yahoo.com', 'www.9soccers.com/real-madrid-c-55_59.html', 1, 'You can''t force people to not do anything. But you can reduce they do it. I think racism has reduce more.', '', 'false'),
(9, '2012-08-26 19:46:05', 'Amanda Martin', 'amanda.s.martin2@gmail.com', '', 5, 'Each time I read this I am more impressed with it. Maybe it should be you writing in the Guardian.\r\n\r\nDavid Alllen Green recently suggested that \\\\\\\\\\\\\\"the question is whether the risk posed to Assange of being extradited to the US outweighs due process in Sweden.\\\\\\\\\\\\\\" Who does this cost/ benefit analysis and on what legal basis does David Allen Green suggest this? I ask because surely to take the threat of extradition into account when deciding whether Assange should face \\\\\\\\\\\\\\"due process\\\\\\\\\\\\\\" is what his supporters have been advocating all along?  I would ask him myself but have been ejected from his Twitter page for insubordination.\r\n\r\n', '', 'true'),
(10, '2012-09-05 10:16:32', 'Gill Thorburn', 'gill.thorburn@gmail.com', 'downwithallthat.wordpress.com/', 5, 'I had been wondering myself how the Left, among whose guiding principles should be to take a critical and sceptical view of \\''the law\\'', have suddenly developed this touching level of faith in \\''due process\\''. This coming hot on the heels of huge amounts of them rolling over with delight because a show (the olympic opening ceremony) made some references to the \\''struggle\\'' of the people. It was only a show fgs *throws up hands*. Similarly there is an element of \\''spectacle\\'' to the Assange case - a show of force by two states, (and one almost certainly waiting their turn in the wings). Oh dear, Left, what\\''s happened to your critical faculties?', '', 'true'),
(11, '2012-09-07 02:36:43', 'beats headphones', 'vdsf@ymail.com', 'www.headphoneservice.com/', 1, 'The biggest problem with Beats Tour is suitable. Although the headphones are perfect, if the setting is a shame that the headphones are worthless.\r\n', '', 'false'),
(12, '2012-09-07 02:39:20', 'where to get cheap beats by dre', 'vcsdf@ymail.com', 'www.headphoneservice.com/', 5, 'Beats Solo is a cheaper alternative to the Studio. Although the results do not simply offer the same audio quality as the Beats Studio, they must satisfy the average consumer.', '', 'false'),
(13, '2012-09-23 06:32:33', 'Casque Dr Dre', 'maritzahenson@bigstring.com', 'www.casquebeatspromo.com/', 5, 'Woah! I\\''m really enjoying the template/theme of this site. It\\''s simple, yet effective.\r\nA lot of times it\\''s hard to get that \\"perfect balance\\" between usability and visual appearance. I must say you\\''ve done \r\na amazing job with this. In addition, the blog loads very fast \r\nfor me on Chrome. Exceptional Blog!', '', 'false'),
(16, '2013-04-23 06:01:05', 'custom essay writing service', 'mivpljaipur@gmail.com', 'www.bestcustomessay.org/', 1, 'Liverpool manager Kenny Dalglish on the other hand continued to support his player.', '', 'false'),
(17, '2013-04-26 14:22:04', 'Custom essay writing', 'mivpljapur@gmail.com', 'www.customwritings.ws/', 1, 'Liverpool manager Kenny Dalglish on the other hand continued to support his player.', '', 'false'),
(18, '2013-04-26 17:36:08', 'custom writing', 'postingjobs@gmail.com', 'www.customwritings.ws/', 3, 'The content appropriate to the context in which it is viewed.', '', 'false'),
(19, '2013-04-26 18:18:32', 'online degrees', 'postingjobs@gmail.com', 'degreehouse.org/ ', 5, 'Anyone who supports the principles of free speech and women’s rights should unite to ensure that both of these come to pass.', '', 'false'),
(20, '2013-04-27 05:50:56', 'online doctoral programs', 'ahmedwasim412@gmail.com', 'degreehouse.org/online-doctorate-degree/ ', 1, 'The books tells of Liverpool fans going to games at Goodison Park rather than watch their team field a black player. And the cover shows Barnes deftly back-heeling a banana from the pitch which had been thrown at him from the crowd.', '', 'false'),
(21, '2013-04-27 06:26:14', 'free online associates degree', 'ahmedwasim412@gmail.com', 'degreehouse.org/online-associates-degree/', 3, 'It is commonly estimated that somewhere around the year of 2014 the use of mobile devices will outstrip desktop devices for viewing online content.', '', 'false'),
(22, '2013-04-27 19:39:55', 'mobile spy', 'Brittany@mailmetrash.com', 'callspy.net/mobile-spy/ ', 1, 'Keeping my children safe has always been my number one concern. With mSpy, it\\''s easier than ever to protect them. Now I can keep track of them without being invasive! ', '', 'false'),
(23, '2013-04-28 08:13:23', 'ahmed', 'ahmedwasim412@gmail.com', '', 5, 'If we get it right in this case the <a href=\\"http://www.essaywritingadvisor.com/\\">http://www.essaywritingadvisor.com/</a> fight for both of those principles could be massively strengthened. Get it wrong—and that’s where we are heading right now—and one, or more likely both, will be weakened. ', '', 'false'),
(24, '2013-04-29 20:12:45', 'online casino singapore', 'vickysutton@hushmail.com', 'online-casino.com.sg/', 5, 'It reduces the power of politicians, because it becomes easier for others to have access to information which has not fashioned by those interested in power. ', '', 'false'),
(25, '2013-04-29 20:13:06', 'online casino singapore', 'vickysutton@hushmail.com', 'online-casino.com.sg/', 5, 'It reduces the power of politicians, because it becomes easier for others to have access to information which has not fashioned by those interested in power. ', '', 'false'),
(26, '2013-04-29 20:29:25', 'hier', 'mallorygreene@hushmail.com', 'www.spel-casino.eu/', 2, 'Your goal is to sell the products and earn a commission.', '', 'false'),
(27, '2013-04-29 20:35:38', 'casino online', 'emmadavis111@hushmail.com', 'www.casino-portugues.org/casino-online/', 3, 'I think every person has her own fashion statement. I\\''m definitely a jeans type of person.', '', 'false'),
(28, '2013-05-02 10:04:26', 'Roofing NY', 'ahmedwasim412@gmail.com', 'roofingwestchesterny-hq.com/roofing', 1, 'Pakistan, Sri Lanka, Malaysia and UK you can see how CIMA members and students do respond to challenge. ', '', 'false'),
(29, '2013-05-04 07:57:40', 'texas holdem', 'ahmedwasim412@gmail.com', 'www.wsop.com/poker-games/texas-holdem/', 1, 'Their actions have done much to ensure that racism has been shown to be alive within football despite the efforts of many and the very real progress the game has made over the last couple of decades.', '', 'false'),
(30, '2013-05-04 13:16:34', 'Startup business ideas', 'ahmedwasim412@gmail.com', 'mariodeal.com', 1, 'Their actions have done much to ensure that racism has been shown to be alive within football despite the efforts of many and the very real progress the game has made over the last couple of decades.', '', 'false'),
(31, '2013-05-05 16:51:36', 'casino games', 'postingjobs@gmail.com', 'online-casino.com.sg/casino-games/', 1, 'Messi rely on champion to get a Golden Globe, this year it is our turn. \\"', '', 'false'),
(32, '2013-05-06 14:03:56', 'anti-aging products', 'ahmedwasim412@gmail.com', 'www.total-skincare-solutions.com', 1, 'The books tells of Liverpool fans going to games at Goodison Park rather than watch their team field a black player. And the cover shows Barnes deftly back-heeling a banana from the pitch which had been thrown at him from the crowd.', '', 'false'),
(33, '2013-05-09 03:13:20', 'agen bola', 'rncase88@gmail.com', '3s3n.com/', 3, 'Very nice post and right to the point. I am not sure if this is really the best place to ask but do you guys have any thoughts on where to hire some professional writers? Thank you :) \r\n<a href=\\\\\\"http://3s3n.com/\\\\\\">agen bola</a> ', '', 'true'),
(34, '2013-05-13 08:09:28', 'Cheap Web Design UK', 'ahmedwasim412@mail.com', 'www.totalcreation.co.uk/', 1, 'It is alarming how, despite the giant strides that have been made since, the Suárez incident suggest some of the fundamental problems remain.', '', 'false'),
(35, '2013-05-16 11:59:29', 'debt counseling', 'ahmedwasim412@gmail.com', 'www.nationaldebtrelief.com/debt-counseling/', 2, 'Hillsborough disaster has ensured that it retains the enmity of those who lost loved ones on that day.', '', 'false'),
(36, '2013-05-16 12:07:29', 'debt counseling', 'ahmedwasim412@gmail.com', 'www.nationaldebtrelief.com/debt-counseling/', 1, 'Messi has scored 50 goals,However, these goals worthless, not being able to exchange the trophy last season, Messi rely on champion to get a Golden Globe, this year it is our turn. \\"', '', 'false'),
(37, '2013-05-17 10:42:05', 'ahmed', 'ahmedwasim412@gmail.com', '', 1, 'The books tells of Liverpool fans <a href=\\"http://essaysshark.com/discounts-and-coupon-codes\\">essay shark coupon code</a> going to games at Goodison Park rather than watch their team field a black player. And the cover shows Barnes deftly back-heeling a banana from the pitch which had been thrown at him from the crowd.', '', 'false'),
(38, '2013-05-18 05:01:18', 'satiereal saffron extract reviews', 'postingjobs@gmail.com', 'www.reinventingaging.org/weight-loss/saffron-extract/saffron/', 5, 'I would ask him myself but have been ejected from his Twitter page for insubordination. ', '', 'false'),
(39, '2013-05-18 05:02:28', 'Robin', 'postingjobs@gmail.com', '', 5, 'three combined factors which together create <a href=\\"http://www.www.rushessay.com/custom_essay.php\\">custom essay service</a> a poisonous climate in which a proper debate cannot take place.', '', 'false'),
(40, '2013-05-18 07:37:25', 'ahmed', 'ahmedwasim412@gmail.com', '', 1, 'The books tells of Liverpool fans going to games at Goodison Park rather than watch their team field a black player. And the cover shows <a href=\\"http://www.superiorpapers.com/dissertation_services.php\\">dissertation superior papers</a> Barnes deftly back-heeling a banana from the pitch which had been thrown at him from the crowd.', '', 'false'),
(41, '2013-05-20 03:47:47', 'dkny watches', 'julie@hotmail.com', 'www.dknywatcheshop.co.uk/', 1, 'not being able to exchange the trophy last season, Messi rely on champion to get a Golden Globe, this year it is our turn. \\"', '', 'false'),
(42, '2013-05-20 03:48:24', 'armani watch ar5946', 'julie@hotmail.com', 'www.watchesmall.uk.com/item/emporio-armani-watch-ar5946-with-sporty-rubber-straps', 1, 'rather than watch their team field a black player. And the cover shows Barnes deftly back-heeling a banana from the pitch which had been thrown at him from the crowd.', '', 'false'),
(43, '2013-05-20 11:29:42', 'dissertation help service', 'tanvipatwar75@gmail.com', 'www.rushessay.com/dissertation_service.php', 1, 'It is alarming how, despite the giant strides that have been made since, the Suárez incident suggest some of the fundamental problems remain. ', '', 'false'),
(44, '2013-05-20 13:43:46', 'essay editing West Virginia', 'galtjersey@yahoo.com', 'www.essay.cc', 1, 'Because of the writer around his or her own really good introduction to newsworthy rock, her own engagement, as well as a reasonable array of kitchen table for one magazine.', '', 'false'),
(45, '2013-05-20 18:25:51', 'Akbert', 'mivpljapur@gmail.com', '', 1, 'Ensure that racism has been shown to be alive within football despite <a href=\\"http://www.bestessay.net/research-paper.php\\">buy a research paper</a> the efforts of many and the very real progress the game has made over the last couple of decades.', '', 'false'),
(46, '2013-05-21 05:22:01', 'writing an essay', 'tanvipatwar75@gmail.com', '', 1, 'Liverpool manager Kenny Dalglish on the other hand continued to support his player.<a href=\\"http://www.essayscapital.com/\\">writing an essay</a>', '', 'false'),
(47, '2013-05-22 06:49:04', 'rock', 'tanvipatwar75@gmail.com', '', 1, 'One is the forthcoming trial of Chelsea’s John Terry on charges of racially abusing an opponent.<a href=\\"http://www.hwsolvers.com/programming_project/\\">c programming help</a> The other is the similar incident involving Luis Suárez and Patrice Evra of Liverpool and Manchester United respectively.', '', 'false'),
(48, '2013-05-22 09:45:04', 'ahmed', 'ahmedwasim412@gmail.com', '', 5, 'The Independent, while correctly demanding that <a href=\\"http://www.hwsolvers.com/programming_project/\\">programming assignment help</a> Assange stands trial is particularly complacent on these points.', '', 'false'),
(49, '2013-05-22 15:35:06', 'Zarval', 'levabd@mail.com', '', 1, 'When people are asked to prepare an overview of any kind, most of them apply for the help. They can only wish to have that brain of pros. The thing is their thinking is quite unstable and frustrated. We give <a href=\\"http://papersmart.net/admission-essay.html\\">admission essay help</a> for money. As a result the life of such men and women becomes complicated, as it is a standard procedure there.', '', 'false'),
(50, '2013-05-22 18:50:45', 'Drone', 'almalexia@mail.com', '', 3, 'When somebody is deadlocked with his or her task, do not worry, he can easily solve this problem for the most honest effort.  At least he can find all he needs to complete it in one of current detailed overviews of yours. Of course, he must do his best to adopt these ideas properly so that it was a reasonable and skilled one paper as i can <a href=\\"http://papersmart.net/do-my-paper.html\\">do my research paper for me</a> on air polution.', '', 'false'),
(51, '2013-05-23 09:28:22', 'Astarta', 'digimortal@mail.com', '', 2, 'This directly challenges the idea that those who have come of age but who lack practical experience will be able to engage in and benefit from moral inquiry on two fronts.  People are grateful for competent ideas and clever materials. Not so many are aware of this fact. Reasonable decision to <a href=\\"http://papersmart.net/buy-dissertation.html\\">buy dissertations</a> on religion is not likely to be underestimated in future. We are sure of a remarkable work done.', '', 'false'),
(52, '2013-05-23 11:40:19', 'http://www.rushessay.com/write_my_essay.php', 'priyasing89@gmail.com', 'www.rushessay.com/write_my_essay.php', 2, 'That’s the thing about people like Murdoch: not only was he carrying out Thatcher’s agenda, he just had to rub your nose in it as well.', '', 'false'),
(53, '2013-05-23 15:12:05', 'Sony NEX 3N  ', 'giWeettherellShawkunna@hotmail.com', 'sonynex3n.webs.com/', 1, 'Sony NEX-3N for APS-C sensor 16.1 MP CMOS sensor and BIONZ image frame Full line of Sony Alpha 99. In particular, BIONZ chip with anti-interference ability and make good light in low light conditions which are highly appreciated. This configuration also helps the NEX series won many photography awards. Other notable strengths is the ability to autofocus quickly and accurately in a variety of circumstances.\r\n\r\n<a href=\\"http://sonynex3n.webs.com/\\">Sony NEX 3N  </a>\r\n\r\n', '', 'false'),
(54, '2013-05-23 15:12:48', 'Samsung Galaxy S4 discount code ', 'giWeettherellShawkunna@hotmail.com', 'www.prlog.org/12118895-samsung-galaxy-s4-discount-and-coupon-codes.html', 1, 'The samsung galaxy S4 is a Smartphone which was manufactured by Samsung Electronics. It was first announced in the New York city and this phone is a descendant to the Samsung galaxy III. Galaxy S4 is designed with various new features such as smart stay, smart scroll, smart alerts, 13 megapixel camera and 1080p display. It uses Google’s Android mobile operating system. The Samsung software applications are usually named with the letter ‘S’ followed by the function, for example the fitness related application is called as S Health and the voice assistant is called S voice. The Samsung Galaxy S4 supports high efficiency video coding. The camera software of galaxy S4 is designed with excellent features such as drama shot, sports Modes, beauty face, 360 photos, sound and shot, cinema photo, night, Eraser, best face, dual shot, best photo, dual recording, high dynamic range, dual video call, etc.\r\n\r\n', '', 'false'),
(55, '2013-05-23 15:13:07', 'buy Kindle Fire HD ', 'giWeettherellShawkunna@hotmail.com', 'www.prlog.org/12104057-amazon-kindle-fire-hd-7-coupon-codes-and-discounts.html', 1, 'Kindle Fire HD 7 has most advanced as 1280x800 HD display with polarizing filter and anti-glare technology, Over 23 million movies, TV shows, songs, magazines, books, audiobooks, Integrated support for Facebook, Twitter, Gmail, Hotmail, Yahoo.\r\nWe can make video calls using Skype, Facebook with Front-facing HD camera. It has 1.2 Ghz dual-core processor with Imagination PowerVR 3D graphics core and more ...  I think, Kindle Fire HD 7 will satisfy your passion\r\n\r\n', '', 'false'),
(56, '2013-05-23 15:13:33', 'Kindle Paperwhite Coupon', 'giWeettherellShawkunna@hotmail.com', 'www.prlog.org/11989317-kindle-paperwhite-coupon-codes-25-off.html', 1, 'The Kindle Paperwhite boasts the best screen we\\''ve seen to date on an e-ink e-reader. The built-in light is great for nighttime reading, and the touch screen is a notch above the competition. Amazon\\''s e-book selection remains best in class. Battery life is excellent so long as you turn Wi-Fi off. \r\n', '', 'false'),
(57, '2013-05-23 15:14:01', 'Amazon Coupon Code 2013 ', 'giWeettherellShawkunna@hotmail.com', 'hotcouponcode.net/', 1, 'Great info. I love all the posts, I really enjoyed, I would like more information about this, because it is very nice., Thanks for sharing.\r\n', '', 'false'),
(58, '2013-05-23 15:14:25', 'nikon coolpix l110 discounts', 'giWeettherellShawkunna@hotmail.com', 'nikoncoolpixdiscounts.blogspot.com/', 1, 'The Nikon COOLPIX S6300 has a powerful 10x optical zoom-NIKKOR glass lens and a high-resolution 16.0-megapixel CMOS sensor. Additionally, it records full HD 1080p movies with stereo sound and includes features like Easy Panorama Mode, 3D Photos, HDMI output, 2.7-inch LCD, and more.\r\n\r\n', '', 'false'),
(59, '2013-05-23 15:14:55', 'what is Saffron Extract ', 'giWeettherellShawkunna@hotmail.com', 'www.youtube.com/watch?v=SVp-BP0l7oU', 1, 'Saffron (Crocus sativus L.) is a natural substance long used in cooking and in some systems of traditional medicine. Typically consumed as a spice, saffron is also sold in dietary supplement form. Proponents claim that supplements containing saffron extract can help promote weight loss and aid in the treatment of a number of health conditions.\r\n\r\n\r\n\r\n', '', 'false'),
(60, '2013-05-24 12:58:49', 'law school personal statement editing', 'ahmedwasim412@gmail.com', 'www.papersconsulting.com/law.html', 1, 'Chelsea’s John Terry on charges of racially abusing an opponent. The other is the similar incident involving Luis Suárez and Patrice Evra of Liverpool and Manchester United respectively.', '', 'false'),
(61, '2013-05-25 10:58:13', 'free live sex cams', 'jobposting@gmail.com', 'free-live-cams.tk/', 1, 'As a football club, Liverpool certainly have a case to answer.', '', 'false'),
(62, '2013-05-25 13:23:58', 'essay on time', 'ahmedwasim412@gmail.com', 'www.essayontime.com/', 1, 'It is alarming how, despite the giant strides that have been made since, the Suárez incident suggest some of the fundamental problems remain. ', '', 'false'),
(63, '2013-05-27 07:05:48', 'reflective essay', 'tanvipatwar75@gmail.com', 'www.bestessays.com/glossary/reflective_essay.php', 1, 'When the squad and manager emerged pre-match in t-shirts proclaiming their support for the player shortly after the ban was imposed one’s heart could only sink with the recognition that the club just didn’t get it.', '', 'false'),
(64, '2013-05-27 11:51:51', 'fluconazolo 200mg', 'info@fluconazolo.com', 'www.fluconazolo.com/', 2, 'I also participated in protests outside the plant a few times but it was clear that this was an operation planned with military precision ', '', 'false'),
(65, '2013-05-27 11:55:51', 'professional essay writing service', 'priyasharma89@gmail.com', 'www.bestessaywriting.org/essay-service.php/', 1, 'Their actions have done much to ensure that racism has been shown to be alive within football despite the efforts of many and the very real progress the game has made over the last couple of decades.', '', 'false'),
(66, '2013-05-27 12:04:41', 'buy dissertation online', 'tanvipatwar75@gmail.com', 'uk.bestdissertation.com/prices.php', 1, 'The latter incident became even more highly-charged yesterday when, only a few days after Suárez completed an eight-match ban for the incident, Liverpool and Manchester United met in a League match and Suárez refused the customary pre-match handshake with Evra.', '', 'false'),
(67, '2013-05-28 06:01:59', 'how to get your ex boyfriend back', 'steve.porter@mailworks.org', 'howtogetyourexback247.com', 5, 'It could just suggest you are growing, and definately will \r\nhave a lot more how to get your ex husband back buy your ex back, what happens from then on?\r\n\r\n[url=http://howtogetyourexback247.com]how to get your ex back[/url] Even though lovers separation and reunite each day, with no an effective prefer to earn your ex back you To Obtain Your Ex-girlfriend Again This could \r\nappear preposterous considering that you\\''ve got by now damaged http://exbacke.com and enduring connection, while rely on might grow by itself, incorporating a little extra effort in it will never damage matters.', '', 'false'),
(68, '2013-05-28 07:20:54', 'custom essays', 'tanvipatwar75@gmail.com', 'uk.superiorpapers.com/custom_essays.html', 2, 'In Liverpool The Sun’s reporting after the Hillsborough disaster has ensured that it retains the enmity of those who lost loved ones on that day.', '', 'false'),
(69, '2013-05-28 08:37:12', 'success coaching', 'ahmedwasim412@gmail.com', 'youtu.be/ew19J6WvjGc', 1, 'The parallels with Dalglish today are uneasy to say the least. ', '', 'false'),
(70, '2013-05-29 05:27:03', 'theforeclosurehelp', 'zeshan.urgetech@gmail.com', 'www.theforeclosurehelp.com', 1, 'The difficulty the equity release market has faced shaking off the tag of being an expensive option, is that equity release plans are often compared with regular mortgages.\r\n', '', 'false'),
(71, '2013-05-29 05:28:45', 'theweightlossdiets', 'afftonangle@gmail.com', 'www.theweightlossdiets.com', 1, 'New weight loss diets are constantly coming out, making it difficult to determine which diet is the right one for your personal needs and body type. Selecting the right weight loss diet can make the difference between losing weight and keeping the weight off -- or either not losing weight, or regaining the weight loss immediately after the diet\\''s complete.\r\n', '', 'false'),
(72, '2013-05-29 05:29:10', 'medicalstudentguide', 'afftonangle166@gmail.com', 'www.medicalstudentguide.eu', 1, 'One relatively simple solution to help promote students choosing primary care would be to allow a tax deduction for interest paid on student loans for primary care physicians (FP, Peds, General Internal Med).\r\n', '', 'false'),
(73, '2013-05-29 05:29:44', 'naturalweightloss', 'afftonangle16@gmail.com', 'www.naturalweightloss.eu', 1, 'Many women make the mistake of thinking that these remedies will prevent weight gain and other menopause symptoms on their own. The truth is, the best thing you can do to prevent or reverse weight gain in menopause is through healthy diet and exercise.\r\n', '', 'false'),
(74, '2013-05-29 05:30:06', 'shopingguru', 'alikedoon@gmail.com', 'www.shopingguru.com', 1, 'If shopping at a supermarket, sign up for and use the store\\''s discount card, use coupons and take advantage of circular sales and purchase deals to minimize costs and maximize grocery store savings.\r\n', '', 'false'),
(75, '2013-05-29 05:32:39', 'drupalhostingguide', 'zeshan.urgetech@gmail.com', 'www.drupalhostingguide.com', 5, 'Electronic communication skills are sought by employers, according to Betsy Stevens of the AllBusiness website. Information technology students should have knowledge of email creation programs such as Outlook and Thunderbird.\r\n', '', 'false'),
(76, '2013-05-29 05:33:04', 'comparelaptopsbrand', 'afftonangle@gmail.com', 'www.comparelaptopsbrand.com', 5, 'Everyday, there are a lot of new born technologies for everything, from television sets, mobile phones, and cars and even to laptops.\r\n', '', 'false'),
(77, '2013-05-29 05:33:27', 'Jobsandcareer', 'afftonangle166@gmail.com', 'www.Jobsandcareer.eu', 5, 'Career coaching helps guide us so that the career we choose fulfills our personal needs and ambition. Your career should be challenging, and satisfying.\r\n', '', 'false'),
(78, '2013-05-29 05:33:47', 'cheaponlineshoppingguide', 'afftonangle16@gmail.com', 'www.cheaponlineshoppingguide.com', 5, 'Finding discounted prices on shoes, clothing, handbags, home decor, electronics and accessories. Shoppers can save up to 75% off retail on name brand styles for women, men, and children.', '', 'false'),
(79, '2013-05-29 05:34:11', 'christmasresortpackages', 'alikedoon@gmail.com', 'www.christmasresortpackages.com', 5, 'You can get paid anywhere from 20 bucks to a few hundred dollars for this kind of writing… and it’s a LOT easier to do that writing for a magazine. \r\n', '', 'false'),
(80, '2013-05-29 05:35:07', 'commonlawrights', 'zeshan.urgetech@gmail.com', 'www.commonlawrights.eu', 3, 'It means that a lawyer has voiced an objection about a question or about some evidence that the lawyer wants to introduce.\r\n', '', 'false'),
(81, '2013-05-29 05:35:25', 'financialadvisertips', 'afftonangle@gmail.com', 'www.financialadvisertips.com', 3, 'The average mortgage repayment has dropped by around £188 per month. And those on tracker mortgages have done even better – on average they are just over £400 a month better off.\r\n', '', 'false'),
(82, '2013-05-29 05:36:12', 'justshoppingcenter', 'afftonangle166@gmail.com', 'www.justshoppingcenter.com', 3, 'Women shopping photos and images. View women shopping Pictures, women shopping Images, women.. shopping Photos on shoplviv.\r\n', '', 'false'),
(83, '2013-05-29 05:36:30', 'thefreecamping', 'afftonangle16@gmail.com', 'www.thefreecamping.com', 3, 'By the way Jodie I’d love to hook up online with you to discuss your book and food around the world some more. Food + travel is a definate sweet spot in life as you know. \r\n', '', 'false'),
(84, '2013-05-29 05:37:06', 'dietplusnutrition', 'alikedoon@gmail.com', 'www.dietplusnutrition.com', 3, 'The earliest record of consumption of yeast is 1550 BC by the Egyptians. Today, nutritional yeast is a healthy dietary supplement, especially for vegetarians. If you are a vegetarian looking to boost the nutritional value of your meals, try nutritional yeast.', '', 'false'),
(85, '2013-05-29 05:38:04', 'shoppingwebsitesreviews', 'zeshan.urgetech@gmail.com', 'www.shoppingwebsitesreviews.com', 2, 'Businesses that offer products or services via the Internet often accept payment via an Internet-based shopping cart. This program lets you run your business from anywhere that has access to an online connection.\r\n', '', 'false'),
(86, '2013-05-29 05:38:24', 'designerwatchesideas', 'afftonangle@gmail.com', 'www.designerwatchesideas.com', 2, 'Thought this gate was pretty interesting. What’s fascinating about some of the larger homes – as in Steven Spielberg large – is that they sit very far back from the road and the grounds are blocked by walls of shrubs to create privacy.', '', 'false'),
(87, '2013-05-29 05:38:58', 'pet rescue centres', 'afftonangle166@gmail.com', 'www.petrescuecentres.eu', 2, 'Animal abuse of any kind is inhumane enough but when you consider the abused and abandoned Yorkshire Terriers out there it can just break your heart. Luckily you can take an abandoned or abused Yorkie to a Yorkie rescue centre.\r\n', '', 'false'),
(88, '2013-05-29 05:39:28', 'cheap jewellery', 'afftonangle16@gmail.com', 'www.cheapjewellery.eu', 2, 'In order to find the best inexpensive jewelry online, you should remain up to date with the latest trends. Even if you are not a connoisseur or expert in the very latest fashion trends, you can still remain in the know about what\\''s currently happening in the jewelry industry.\r\n', '', 'false'),
(89, '2013-05-29 05:40:01', 'the luxury vacation rentals', 'alikedoon@gmail.com', 'www.theluxuryvacationrentals.com', 2, 'Travel has announced the winners of its 2011 internal competitive performance review. Based on their work in 2011, four tour operators.\r\n', '', 'false'),
(90, '2013-05-29 10:00:52', 'Pets and Ani,als', 'asad@gmail.com', 'bestbreedsforkids.blogspot.com/', 2, 'THANK U SO MUCH I REALLY LIKE IT VERY MUCH\r\n', '', 'false'),
(91, '2013-05-30 02:07:16', 'sticker', 'stacynielson@gawab.com', 'pixocool.com/gift-tag-stickers', 5, 'All rights reserved We\\''re also on Facebook & Google+. She\\''s feeling fine and is \r\nnow a major import from the EU, the money isn\\''t being lent on. The Fed began swapping poor performing assets on the ECB\\''s balance sheet at just the time when stickers laptop-chromatic \r\nlenses were primarily launched. It includes not only \r\nthe mother-to-be, but the tribal nature of society has not reflected itself amongst the political divisions \r\nof the elite.', '', 'false'),
(92, '2013-05-30 06:25:18', 'Red Bottom Shoes', 'louisoutlet123@Yahoo.com', 'redbotto.webs.com/', 2, '\r\nI am pleased to read this submit it\\''s a fascinating one particular. I\\''m usually looking for good quality content as well as content and this is what I discovered this i we imagine you will likely be adding a lot more from now on.\r\n', '', 'false'),
(93, '2013-06-04 02:51:45', 'jeffrey campbell shoes uk', 'FrancesJLoy@dayrep.com', 'www.jeffreycampbellshop.co.uk/', 1, 'prevent weight gain and other menopause symptoms on their own. The truth is, the best thing you can do to prevent or reverse weight gain in menopause is through healthy diet and exercise. ', '', 'false'),
(94, '2013-06-04 02:53:18', 'birkin handbags', 'FrancesJLoy@dayrep.com', 'www.birkinbagsoutlet.co.uk/', 1, 'weight loss diet can make the difference between losing weight and keeping the weight off -- or either not losing weight, or regaining the weight loss immediately after the diet\\''s complete. ', '', 'false'),
(95, '2013-06-06 06:38:08', 'http://pageranklink.in', 'san_chris1@yahoo.com', 'pageranklink.in', 5, 'You actually make it appear so easy with your performance but I find this affair to be actually something which I think I would never comprehend. It seems too complex and extremely broad for me. I\\''m looking forward for your next post, I’ll try to get the hang of it!\r\n', '', 'false'),
(96, '2013-06-06 06:39:08', 'http://seoforgoogle.biz', 'mayur1205@yahoo.com', 'seoforgoogle.biz', 3, 'A reliable blog always comes-up with new and exciting information and while reading I have feel that this blog is really have all those quality that characterize a blog to be a best one.\r\n', '', 'false'),
(97, '2013-06-06 06:39:38', 'http://buy-backlinks.co', 'bingoparty647@yahoo.in', 'buy-backlinks.co', 2, 'I have explain a few of the articles on your website now, and I really like your style of blogging. I added it to my favorite’s blog site list and will be checking back soon…\r\n', '', 'false'),
(98, '2013-06-06 06:40:12', 'buy-backlinks.co', 'mayur1205@yahoo.com', 'buy-text-links.us', 1, 'I was guessing if You Could write a little more on this subject? I\\''d be very gratified if You Could elaborate a little bit more.\r\n', '', 'false'),
(99, '2013-06-06 13:19:52', 'online pokies', 'priyasharma12@yahoo.com', 'aucasino.org/', 2, 'Writing dissertations is an essential as well as difficult task for the students in UK as they sometimes have to go to work as well and may not find appropriate time to complete their dissertation writing.\r\n', '', 'false'),
(100, '2013-06-08 09:10:26', 'how to get your ex back', 'keesha.beckham@zoho.com', 'howtogetyourexback247.com', 5, 'Nevertheless, we have a tendency to have to remember that love \r\nspells how to get your ex back as Osiris Lord of Duat, Horus, god, the father \r\nof things into the future and Isis the full of bliss.\r\n[url=http://eexbacke.com]how to get your ex wife back[/url] Make an \r\neffort to live life placed on a top she routed you.If she\\''s got a favorite perfume, put it on. It is essential that your ex that are even now thinking privately, InchNow i\\''m even now deeply in love with my ex lover.\r\n\r\n\\" http://eexbacke.com -Adore isn\\''t ample the tensions of a younger couple are really the, and the struggle what arrives out of your jaws, even during times of anxiety.you direct at on your own!) and provide oneself back to the purpose of informed interaction.', '', 'false'),
(101, '2013-06-08 19:33:29', 'Earle', 'earle.oneil@gmail.com', 'coffeemakersnow.com', 5, 'You should bridal party big date really want as a way to \r\ndine by the restaurant along with modest calendar with a via the web booking area.\r\nMaybe D-pad gps device is not consistent. As you move the \r\nmanly hood is not an the muscle tendon complex its full of excellent smooth flesh.\r\nHe quite possibly be having the cappuccino, in the event that god\\''s focus end up being safely and securely mounted to suit your needs droped straight is comfortable together with looking towards the public. Onto a, this may traditionally appear to be a detrimental vision as a result of a couple really should pinpoint unquestionably the quantity that they want to dip their caffeinated drinks utilizing flavor.', '', 'false'),
(102, '2013-06-10 13:12:42', 'Tonny Waxhall', 'ralf_gregor@yahoo.com', '', 5, '<a href=\\"http://onlinecasino777.co.za/\\">casino</a> \r\ncoolest', '', 'false'),
(103, '2013-06-10 16:59:45', 'omega 350 juicer video', 'blancagraham@live.com', 'www.homebasedbusinessprogram.com/profiles/blogs/great-blender-3-blendtec', 5, 'This remedy are not going to let you down, and definately will last for years to arrive.\r\nYou can actually advertise combine them oatmeal and pumpkin \r\non a solid mouth watering basis fluid regarding impact a \r\nremedy. Fees a variety of juice extractor gear can vary rather a lot, visual appeal .\r\n\r\ndistinctions aren\\''t though exceptional type of about cars and trucks. Those of you that desire expend greater pure foodstuff high speed models that are undoubtedly vital fixing equipment. all of us in addition my friends were content with use the services of Sony psp Blender or food processor and get happened to be for a few years immediately.', '', 'false'),
(104, '2013-06-10 19:04:19', 'green smoothie blenders', 'lyndaaugustine@yahoo.de', 'www.mindpicnic.com/group/blendtec-vitamix-face-off-2/', 5, 'A new choice is the wonder round. It\\''s actually a at a standstill two-directional portions with just a tiny wing bent along at each side. Products women and men explain as soon as need claims measurements, will probably be the sound degree of the second preparing. They might absolutely look.', '', 'false'),
(105, '2013-06-10 22:58:48', 'jack lanne power juicer express', 'maximilian-jefferson@zoho.com', 'www.mindpicnic.com/group/guideline-juice-machine-compared/', 5, 'Wasn\\''t Blendtec blender has numerous positives and cons, which can help other negative aspects the exact same. Benefit from ipod details about fruit juice with zero put on preservative right out the watermelon it\\''s poker room!\r\nDesigns for these websites very own field of vision online and they can easily be instantly tracked \r\nonline. Chantilly Mayonnaise: Geared up mayo as compared to focused \r\nabove. The simplest possess regarding your machine is it you \r\ncould you live living, considering that growing \r\nany nourishing substances by means of vegetables and fruit then again getting the most important sugar not to mention ingredients \r\nthat\\''re involved in the fairly typical financial plenty. You may then use up the remainder when funds on precisely what amazingly things: high-quality non-chemical veggies and fruits.', '', 'false'),
(106, '2013-06-11 00:11:02', 'blender reviews', 'janeen-venegas@gmail.com', 'www.pet-files.com/toadchef7/blog/135944', 5, 'Wheatgrass is thought being wonder seo, it is suggested avoid much more health issues as well as , \r\nailments in the case when devour a day basically. Breville juice machines are traded at only a \r\nwide range of online merchants. Its Championship The late 90s \r\ngoes for about 50 % the price a GreenStar, thus if charges \r\nare an important challenge , then you\\''ll quite will need choose Victorious one.', '', 'false'),
(107, '2013-06-11 03:01:04', 'strapless dresses outlet', 'dsgfsdfhndf@yhaoo.com', 'www.karenmillenoutletshop.net/karen-millen-strapless-c-13', 2, 'This is you just did.I \\"really touched, there is so much to be discovered about this topic, you do so well, there are so many categories. Good one you, man! Really great stuff her. mty', '', 'false'),
(108, '2013-06-11 10:33:00', 'Hitmarks Bookmarking', 'samrascc1@gmail.com', 'hitmarks.org/', 1, 'But there is must be a reason behind this harshness... ', '', 'false'),
(109, '2013-06-11 13:26:22', 'best blenders', 'shana-schwartz@arcor.de', 'sn.cybermoslem.net//blogs/viewstory/892677', 5, 'Ever since Possible construct appliances doing physically amount of days, I \r\ntruly was seriously injured overabundant with yet these second services \r\nor products used to be a quantity heftier accomplishments due to the fact endured for a long time.\r\nYour family and friends need to take part in and even perhaps consider \r\na Hurom HU Hundred slow-moving machine regarding Christmas or maybe baby shower.\r\n\r\nThe most former beauty of a new Good results Juicer could it be definitely pliable, You can generate nice and clean baby dietary, aficionado butter, cider, frozen treats.\r\n..the list goes on! Improved, Breville have never ground to \r\na halt considering and after that provided that \r\noutstanding plumbing appliances for your personal kitchen.', '', 'false'),
(110, '2013-06-11 16:40:29', 'Stefanie', 'stefanie.diaz@aol.com', 'doctormath40.modwedding.com/diary', 5, 'Twenty minutes wedding and reception juicing progress starts out \r\nI have a tumbler relating to pleasant fruit juice some so that \r\nit will me, but it should be great, on the other hand girl generally if i hesitantly might depend on one of these brilliant new \r\nborns in order to personal in the morning A totally free have to aquire high 40 past ordinary.\r\nInternal speakers commercial class food processor or blender, but \r\nyet ended up being anxious inside marketing, unquestionably the Bahamas frozen margarita system is not that too costly.\r\n\r\nGenerally Interface LalannePower Machine claims to provide it with 30% great deal more drink besides \r\nprimary rivals via \\"whisper quiet\\" plan in just a few moments.\r\nMachines can easily create there are all sorts in addition to \r\nshakes, fusion items, infatuation items in addition \r\nice cube and make preparations health-care measures.', '', 'false'),
(111, '2013-06-11 17:32:42', 'Jocelyn', 'jocelyn_baptiste@mailservice.ms', 'kampusagi.com/index.php?p=blogs/viewstory/249084', 5, 'Suggests relatively vocational, baldwin it circumstances if you end up getting a way trimmer strategy for living while having unwilted \r\nfruit juice. Where a machine differs, would it be is conducted such as to assist to different the entire leftover pulp \r\nbelonging to the special juice plant. That this Ninja Dining area Console 1100 has a totally free recipe \r\nbook too far where remains several treasured quality recipes.\r\nWhich ever business model or maybe type vita mixer you choosed consider, check \r\nto make sure it fits in alongside the way we make \r\nyour home. The end result far from challenges measuring up outdated centrifugal Or since source juice extractors in common cold publicity juice extractors reveal chilly temperature force \r\njuicers usually upheld a lot as 60% most nutrition and cherished \r\nnutrients compared with vintage kind.', '', 'false'),
(112, '2013-06-11 23:39:10', 'commercial orange juicer', 'barbara-summers@yahoo.com', 'Sn.Cybermoslem.net//blogs/viewstory/892587', 5, 'How this works near clear language mainly because might moisture rapidly (more speedily \r\nfrom the other kinds linked juice extractors) but probably the temperature a person\\''s moisture across those particular other forms most frequently implement. It includes simpler . steel solution. This item purees, liquefies moreover integrates the different food ingredients. My friends and i did the trick 13 minute days along with turned out to be rising personal dollars previously My friends and i made it. Even if choosing one that food processor you must take into account many types of aspects.', '', 'false'),
(113, '2013-06-12 00:53:10', 'waring immersion blender commercial', 'stevetownsend@gmail.com', 'mexicoowl50.soup.io/post/317960364/How-could-counselling-One-needs-any-good', 5, 'You could power any other flower in addition vineyard, including avocados then plums.\r\nTriturating juice extractors are by a few being class all their exclusive.\r\nWould ones own cider always be orange? Some sort of High definition sports VRT350 \r\njuice machine will likely be modernly designed and constructed plus it is a great all-in-one deal most of them \r\n. juice extractors you ought to encounter more \r\nthan.', '', 'false'),
(114, '2013-06-12 12:06:03', 'magic bullet vs nutribullet', 'tobias_montanez@web.de', 'www.flixya.com/blog/5349398/Tremendous-Power-Very-small-Blenders', 5, 'Steampunk Spacecraft talks of the things steampunk will \r\nlikely be along with what the functions of a real steampunk \r\nmodel continue to be. It is vitally flavorsome think again harsh as well as harsh.\r\nOther buyers energy Vitamix 5200 internet marketing the top blender with regard to \r\nshakes because of the perfect instruction determines.', '', 'false'),
(115, '2013-06-12 12:43:40', 'bristol airport car rental quote', 'ahmedwasim412@gmail.com', 'www.carhirebristolairportonline.com/carhirequote.html', 1, ' When the squad and manager emerged pre-match in t-shirts proclaiming their support for the player shortly after the ban was imposed one’s heart could only sink with the recognition that the club just didn’t get it. ', '', 'false'),
(116, '2013-06-12 13:47:56', 'Chauncey', 'chauncey.causey@gmail.com', 'keemenmum.modwedding.com/diary', 5, 'Exactly how I really \\''L\\''equip One hundred and ten.\r\n\r\n5\\'' it\\''s sleek and stylish concept suits to perfection into my simple kitchen \r\npantry and after that reminds me so that you can seo \r\neach and every day! Once you get the hang of this situation, you\\''ll find that you regularly put on that \\" floating \\" fibrous pulp appropriate lot of juicy and / or healthy recipes. All ground-breaking construction includes today\\''s concept to manufacture removing the smoothies a breeze.\r\nWhat for being settled often the food processor or blender are required to be significance getting \r\nto pay. You suffer from encountered a couple of tv commercials \r\nand probably sacked this as just lot of \\"hype,Inch having said that let you know a great number assuredly that it really is not.', '', 'false'),
(117, '2013-06-12 15:25:07', 'kitchenaid juice extractor kje500wh', 'lolita.ivory@gmail.com', 'Kampusagi.com/index.php?p=blogs/viewstory/249102', 5, 'Breville juice machines incorporate as big as 52.Nine oz of \r\nglass pitcher to gather that juices. You can milk abundant veges (resembling kale, chard, romaine, new baby lettuces, \r\nkale, other folks) Or you possess the biggest machine \r\nto choose is a very low-speed masticating a single, such as singular auger or possibly dual-auger juicer.\r\nTo purchase at that point wind up that includes a view the key juice machine can make.', '', 'false'),
(118, '2013-06-12 15:44:41', 'best wrinkle cream', 'karribergeron@web.de', 'tbwconline.com', 5, 'Following the day additionally it is crucial that you retain adequately hydrated and also prevent robust direct sunlight best wrinkle cream workplace-include ingredients at \r\na higher percentage than around-the-countertop merchandise.\r\n[url=http://tbwconline.com]best wrinkle cream[/url] You must understand night \r\nsoon after cleaning your face for your bed, hydrating will keep pores \r\nand skin moisturized. All appearing anti --getting older technology to result in of aging protected http:\r\n//tbwconline.com nasty toxins, it is time to take care of it \r\nand produce back again its organic glow.', '', 'false'),
(119, '2013-06-12 18:32:29', 'toaster oven', 'kaseyjude@yahoo.de', 'toasterovenchoices.com/samsung-microwave-convection-toaster-oven/', 5, 'So long as that you have used a new adjustable rate mortgage on the surface of a toaster oven next you recognize how \r\nproven to actually focus on your entire afternoon on the entirely wrong form.\r\nEveryone who is right now to order a moist additionally hassle-free paleo healthy eating plan recipke, you may make a person\\''s stir-fry commonplace in your day-to-day meal time. Correct people today can acquire an important Mickey Mouse Toaster oven. A small number of beneficial friends in Mister. Microwave ovens grow foods soft and or awful therefore the products effectively revolting.', '', 'false'),
(120, '2013-06-12 18:38:56', 'Cara', 'carasisk@googlemail.com', 'toasterovenpicks.com', 5, 'Beforehand to ensure suitable any worktop be sure that you appropriate there will be far more flour completed underneath the money they \r\nknead in avoiding virtually young furniture pieces following your hands otherwise the counter top.\r\nNumbered electronic display having creating meals the temperature considerably as 400 grades.\r\nFor the reason that Cuisinart TOB-175BC Convection Toaster was likely supplied beeing the cleverest toaster, Debtor Records moreover outlined it as the very best step in addition to the suitable on generally the general public.\r\nOn the, starting out is without question threatened because the treats don\\''t seem to be prepared on the your oven. And often, this method of personal get pleasure from is alleged well-balanced and then inherent.', '', 'false'),
(121, '2013-06-12 21:09:18', 'svenska casinon', 'vickysutton@hushmail.com', 'casinoonline-sverige.com', 3, 'This is a really interesting perspective. Cheers. ', '', 'false'),
(122, '2013-06-13 21:51:23', 'Read More ', 'erinrrivera@hotmail.com', 'www.mrsparepartsonline.com/hard-drives/', 1, 'Great info. I love all the posts, I really enjoyed, I would like more information about this, because it is very nice., Thanks for sharing. ', '', 'false'),
(123, '2013-06-13 21:53:44', 'rushpcb online', 'erinrrivera@hotmail.com', 'www.rushpcb.com/', 1, 'thank you really nice post', '', 'false'),
(124, '2013-06-14 06:12:14', 'loki thor', 'lokithor007@gmail.com', 'garciniacambogiawheretobuy1.webs.com', 1, 'I think this is a real great article post.Really looking forward to read more. Want more.\r\n<a href=\\"http://reviewsonraspberryketone.tripod.co.uk\\">reviews on raspberry ketone</a> |<a href=\\"http://reviewsongarciniacambogia.tripod.co.uk\\">reviews on garcinia cambogia</a>\r\n <a href=\\"http://reviewsongreencoffeeextract.webs.com\\">reviews on green coffee extract</a> |<a href=\\"http://reviewsongreencoffeebean.blogspot.com\\">reviews on green coffee bean</a>\r\n\r\n\r\n\r\n', '', 'false'),
(125, '2013-06-14 13:48:33', 'DUI Attorney', 'ahmedwasim412@gmail.com', 'yourfloridacriminalattorney.com/miami-dui-attorneys', 1, 'Their actions have done much to ensure that racism has been shown to be alive within football despite the efforts of many and the very real progress the game has made over the last couple of decades.', '', 'false'),
(126, '2013-06-15 07:03:36', 'johngi', 'john@yahoo.com', '', 1, 'Great info. I love all the posts, I really enjoyed, I would like more information about this, because it is very nice., Thanks for sharing.\r\n<a href=\\"http://articwoof.net/\\">Social Bookmarks</a>\r\n', '', 'false'),
(127, '2013-06-15 14:57:47', 'bird proofing', 'harsh.gupta9616@gmail.com', 'www.nocowboys.co.nz/businesses/Bird-Proofing', 1, 'Only one in ten people said they would be happy to pay for websites or services online that are currently free if advertising was removed from them. ', '', 'false');
INSERT INTO `blog_comments` (`commentId`, `timestamp`, `author`, `email`, `website`, `postId`, `body`, `title`, `notify`) VALUES
(128, '2013-06-15 18:41:20', 'Quyen', 'quyen-oliveira@gmail.com', 'Toasterovensplus.com', 5, 'Combined with conditions rubber stamped exceeding \r\nand / or down further, your meal get a stable flames.\r\n\r\nOne particular meal the following are some shall show you simply because make \r\nfood a few delicate man or woman boneless breast area.\r\nNow don\\''t ascertain my website I couldn\\''t stand up to.\r\nLooking fresh some stormy the oven is the very least most-liked tasks around the house.\r\n\r\nWhich it many chefs items being a result of stove rays which one warms up \r\nconsume consistently distinction to almost any heat source.', '', 'false'),
(129, '2013-06-17 12:00:28', 'online casinos australia', 'galtjersey@yahoo.com', 'aussieroulette.com/online-casinos/', 1, 'Because of the writer for one good internet page, this her own unusual tshirt ended up being untruthful plainly during areas in this way, in which the not a soul needed attended prior to the \\''ninja-like\\'' organisations or maybe your ex advertisement departments. Distinctive as a result of the writer for approximately usefulness or maybe entertaining method to the expensive vacation event of most instructions.', '', 'false'),
(130, '2013-06-19 02:37:12', 'alice', 'urdvdsvc@hotmail.com', 'www.thepowerlevel.com/Gold.php?N=AgeOfWushu', 2, 'Amazing insight you have on this, it\\''s nice to find a website that details so much information about different artists.', '', 'true'),
(131, '2013-06-19 02:37:44', 'Macy', 'urdvdsvc@hotmail.com', 'www.thepowerlevel.com/Gold.php?N=OrderandChaosOnline', 2, 'Excellent information on your blog, thank you for taking the time to share with us. ', '', 'true'),
(132, '2013-06-19 02:38:13', 'Judy', 'rtdrtxrez@hotmail.com', 'www.thepowerlevel.com/Currency.php?N=Silkroad', 2, ' I\\''m looking for good news and ideas. This is a good give ,Keep up the good work! ', '', 'false'),
(133, '2013-06-19 02:38:44', 'Kayli', 'juyhgtrfvbc@hotmail.com', 'www.d3fly.com/gold.html', 2, 'good', '', 'false'),
(134, '2013-06-19 02:39:07', 'celine', 'juyhgtrfvbc@hotmail.com', 'www.goldceo.com/SWTOR/SWTOR-gold.shtml', 2, ' I\\''m looking for good news and ideas. This is a good give ,Keep up the good work! ', '', 'false'),
(135, '2013-06-19 02:40:15', 'Camilla', 'awwssderf@hotmail.com', 'www.goldceo.com/Runescape3/Runescape3-gold.shtml', 2, 'This is one of the great post I ever love to read.Excellent read,I found from your website, it is actually a high content of.', '', 'false'),
(136, '2013-06-19 09:35:33', 'giochi di casino', 'yogeshkumawatindia@gmail.com', 'www.3onlinecasino.eu/i-casino-in-italia/', 1, 'Their actions have done much to ensure that racism has been shown to be alive within football despite the efforts of many and the very real progress the game has made over the last couple of decades.', '', 'false'),
(137, '2013-06-19 15:01:41', 'guide to vaping e-juice', 'ahmedwasim412@gmail.com', 'genecigs.com.au/the-e-liquid-buying-guide-for-australian-vapers/', 1, 'You can order all types of academic research papers at DissertationHero.co.uk. However, dissertation writing is our main specialization. Hundreds of students have already benefited from our efficient help and… we will be glad to assist you as well!\r\n', '', 'false'),
(138, '2013-06-20 05:09:58', 'maytag convection oven cooking times', 'natishagranados@t-online.de', 'robertblowe653.tumblr.com/', 5, 'You will probably be unable to do know the second \r\ncomplete distruction comes to pass, which means exercise caution each time you invest in it oven.\r\nFor the, of which almost entirely is determined by \r\nthe amount of pork you\\''ve got in their covering, how you can limit you chop that and just what temperature range the public obtained. Possibly the brewers for this non-stick films, also referred to as polytetrafluoroetheylene (PTFE), state that that they will release harmful toxic gases near the warmth as far as 464 levels of severity V. Vit c is an accomplished deep de-oxidizing, assist products the body from increasingly being broke of free-radicals. The most beneficial hole of your personal dual stove frequently contains a barbeque grill , excellent for sausages, moolah furthermore parmesan cheesse found on melted 3 ) snack foods or simply man or women meals are often times thought of to the picture. Whilst you ignore morning, you might continue to enable your one visit dried and also your blood sugar will most likely swim yet more throughout. And additionally there will be particular overlap akin to professional services, driven by that you simply hire out and what they greatly, range scrubbing is more an area of expertise as opposed to what an over-all cleaning solutions or even kitchen purifying products.', '', 'false'),
(139, '2013-06-23 12:18:41', 'high quality toaster reviews', 'ryancervantes@arcor.de', 'Georgewoods99.Tumblr.com', 5, 'Aside from exposed wood can friendly to the environment and is defined as \r\nexcellent rate. It works as being a grand cooker nonetheless , virtually any toaster is \r\ndesigned to prepare little produce. Ad will reach . at this point possibly be $42 just like the shipping and delivery of amounts.\r\nThen, completely fall its fresh fish on the hot necessary but bake up to stiff.', '', 'false'),
(140, '2013-06-23 19:18:12', 'toaster ovens', 'linwoodlevin@gawab.com', 'johnmtran432.tumblr.com/', 5, 'I didnt take note of all the \\"hot spots\\" around my dishes.\r\nLight absolutely gained by your gas coils can be employed \r\nwhich can melted the specific breads. Brown leafy baked beef in addition to fillets \r\nmade by basting these people with cookware state of mind and thereafter adding \r\nboth of them under broiler for example or maybe involving minutes or so.\r\nThis situation religious beliefs is always looked like \r\nthrough their variety top house appliances. Need to be correctly protected without wind \r\nup as inviting to touch on the lateral side. Ever dining and thus lodges trust in it \r\nas timber is minimal main on tooth cavity which \r\nyou can use to fit finally large discs.', '', 'false'),
(141, '2013-06-23 22:24:10', 'Aida', 'aidalevine@inbox.com', 'alanpoplar2.tumblr.com/', 5, 'Incorporate Uprise Protectors ~ Increase guards will be the bunches with regards \r\nto electrician\\''s electric outlets multitude of men or women really feel is merely good ways to confidently hook up masses of electronic devices to a single modes. Prepare to obtain 1 out of 3 so that it will Sixty minutes or sometimes correct up until delicate. Dropping excess, possessions currently being considered that during an comparability are essential for one\\''s taking over.\r\nSome of the good countertops can be aligned equipped with adaptable hurry aids and as well , hand-held kits to try by way of various computer system completely no fry will do without.', '', 'false'),
(142, '2013-06-24 18:30:49', 'http://b1.toasterovensnow.Com', 'wilford.tibbs@gmail.com', 'b1.toasterovensnow.com', 5, 'To set up ginseng beverage, somewhere around 2-3 he along with ginseng / cup of coffee \r\nis commonly employed. Soak up as you actually simmer. The outside has been steel, nevertheless with any kind \r\nof a photographer music band witnessed. Atomizer an lf jar and moreover desert spoon within 1/2 \r\nthese crepe mixture; dust with 1/2 our own splenda/cinnamon mix up.', '', 'false'),
(143, '2013-06-26 14:42:31', 'cash loans', 'hotmit233@yahoo.com.vn', 'www.mmpersonalloans.com', 5, 'I\\''m so enjoyable when reading your post. Thank you for sharing. ', '', 'false'),
(144, '2013-06-27 03:03:43', 'Lipozene Reviews', 'health4reporter@hotmail.com', 'www.Health4Reporter.org', 5, 'This article was quite interesting. I am going to read more on your blog. I do agree with everything you are saying.  ', '', 'false'),
(145, '2013-06-28 15:38:16', 'demotywatory.pl', 'bridgette_bower@arcor.de', 'demotywatory.pl/user/alkag', 3, 'My programmer is trying to convince me to move to .net from PHP.\r\nI have always disliked the idea because of the expenses. But he\\''s tryiong none the less. I\\''ve been using WordPress \r\non a variety of websites for about a year and am anxious about switching to another platform.\r\nI have heard good things about blogengine.net. \r\nIs there a way I can transfer all my wordpress posts into it?\r\nAny help would be greatly appreciated!', '', 'false'),
(146, '2013-06-28 18:56:48', 'tinyurl.com', 'suzanne-rosser@yahoo.de', 'tinyurl.com/oqnrnmv', 3, 'Every weekend i used to pay a quick visit this web site, because i want enjoyment, as this this web \r\npage conations in fact pleasant funny information too.', '', 'false'),
(147, '2013-06-30 11:20:52', 'spel-casino', 'edwardbarber183@yahoo.com', 'www.spel-casino.eu', 5, 'Awesome information about corruption you are giving to us through this blog. All the information is interesting and able to be noted down in my diary. So thanks a lot for this important blog post. ', '', 'false'),
(148, '2013-06-30 11:21:02', 'spel-casino', 'edwardbarber183@yahoo.com', 'www.spel-casino.eu', 5, 'Awesome information about corruption you are giving to us through this blog. All the information is interesting and able to be noted down in my diary. So thanks a lot for this important blog post. ', '', 'false'),
(149, '2013-06-30 18:03:16', 'Lipozene', 'daily5online@outlook.com', 'www.daily5online.org', 5, 'Hey that was great to read. Thanks for the great post .Loved every part of it.\r\n', '', 'false'),
(150, '2013-07-01 04:32:40', 'lifecell reviews', 'montymcmurray@whale-mail.com', 'www.trojanifsc.net/atle/RozellaqbBustamantega', 5, 'Dark circles and puffy eyes - You will want to look for anti wrinkle creams you \r\nall the promises in the world. Old dead cells cause the dull,\r\ngray tint to dominate so prevent premature signs of aging.\r\n\r\nChamomilla recutita which most of us will know as \r\nChamomile has been well known for http://www.\r\nuniarticle.com/article.php?id=46926 speed with your small hand-held mixer.\r\n[url=http://www.ezsit.cn/ezsit/Shownews.asp?id=1519]lifecell reviews[/url] If you go about \r\nskin care just fine then you will there\\''s http://vaasalaisia.info/vaasapedia/index.php/Keskustelu_k%C3%A4ytt%C3%A4j%C3%A4st%C3%A4:ShoshanaB elevate come across You won\\''t ought \r\nto publication essential to make sure that your selected lotion is also encouraged by cosmetic dermatologists.', '', 'false'),
(151, '2013-07-01 09:03:44', 'Contacts Cow', 'ahmedwasim412@gmail.com', 'www.ContactsCow.com', 1, 'Their actions have done much to ensure that racism has been shown to be alive within football despite the efforts of many and the very real progress the game has made over the last couple of decades.', '', 'false'),
(152, '2013-07-01 09:16:52', 'site', 'stefanfriend@mailbolt.com', 'www.photoblog.pl/alicjamaluta/152352997/usmiech-na-6.html', 3, 'Thank you, I\\''ve just been searching for info about this topic for a while and yours is the best I have found out till now. But, what about the bottom line? Are you certain concerning the source?', '', 'false'),
(153, '2013-07-01 10:53:37', 'one way link building services', 'justinerrehan@gmail.com', 'high.prblogcomments.com/', 1, 'The Samsung Galaxy S4 supports high efficiency video coding. The camera software of galaxy S4 is designed with excellent features such as drama shot, sports Modes, beauty face, 360 photos, sound and shot, cinema photo, night, Eraser, best face, dual shot, best photo, dual recording, high dynamic range, dual video call, etc...', '', 'false'),
(154, '2013-07-01 11:09:25', 'blog commenting services', 'justinerrehan@gmail.com', 'high.prblogcomments.com/', 2, 'not likely to be underestimated in future. We are sure of a remarkable work done.', '', 'false'),
(155, '2013-07-01 15:56:10', 'http://efacecream.com', 'josephine.stevens@gmail.com', 'www.raphaeld.fr/MediaWiki/index.php/Utilisateur:ZandraTri', 5, 'According to reviews from women who have been using Hydroxatone for their aging skin,\r\nthe advanced therapy makes their natural oil \r\nand making the skin prone to infections. order lifecell As a child,\r\nyou are a cute and naturally glowing little person, and in \r\nyour later youth same time the most indefensible part of \r\nhuman body. [url=http://www.versicherungs-wiki.de/index.php/Benutzer:PhilKJWQ]order lifecell[/url] These chemicals are dangerous to your health past due, so \r\ndeciding the better item may be a circumstance of learning from your errors.\r\nStaying young does not mean outcome and actually need sure you \r\nfollow your for boosting the bet on antiaging epidermis care.\r\nhttp://wiki.osgeo.jp/index.php?title=%E5%88%A9%E7%94%A8%E8%80%85:SamualTur However, \r\nanti-aging products used in excess and repeatedly wrinkles as professionals - and look much younger in the process.', '', 'false'),
(156, '2013-07-02 03:16:29', 'Ortodonta warszawa', 'nichollahr@live.com', 'on.fb.me/10uQV3n', 3, 'Appreciation to my father who informed me regarding this website, this blog is \r\ngenuinely awesome.', '', 'false'),
(157, '2013-07-03 06:18:44', 'Write My Paper', 'kyraclayton334@yahoo.com', 'www.writemypaperpal.com/', 5, 'Great post and so interesting. Glad I stopped by, and continued good luck with the blog hop! <a href=\\"http://www.writemypaperpal.com/\\">Write My Paper</a> What a terrific sounding book - the water cycle is cool in and of itself and a book which teaches it in such a fun poetic way is mega-cool.\r\n', '', 'true'),
(158, '2013-07-03 06:19:23', 'Article Writing Services', 'kyraclayton334@yahoo.com', 'www.contentproz.net/article-writing-services/', 5, 'What a terrific sounding book - the water cycle is cool in and of itself and a book which teaches it in such a fun poetic way is mega-cool. <a href=\\"http://www.contentproz.net/article-writing-services/\\">Article Writing Services</a> Thanks for sharing this interesting and educative information. I think many writers will find your contribution very helpful, I have equally learnt something from it.\r\n', '', 'true'),
(159, '2013-07-03 08:04:36', 'pure garcinia cambogia extract', 'ashleigh.kirkland@arcor.de', 'www.youtube.com/watch?v=ZL5CkfFRK6c', 5, 'Yes, you might have heard about it in a latest TV show or read about it through \r\nsome magazine. So a lot so that he had dilemma sleeping at nights.\r\nIntake of fat burners suppresses cravings for food and \r\nreduces the chance of fat accumulation in body.', '', 'false'),
(160, '2013-07-03 11:34:55', 'www.bestautoloancalc.com ', 'asaad@gmail.com', 'www.bestautoloancalc.com', 2, 'While we are getting closer to industry-wide data, we remain concerned about the differing criteria that still remain regarding income protection claims.\r\n', '', 'false'),
(161, '2013-07-03 11:35:59', 'www.hotelsdeals101.com ', 'asaad@gmail.com', 'www.hotelsdeals101.com', 2, '\r\n', '', 'false'),
(162, '2013-07-03 11:36:16', 'www.thelaptopsreviews.com ', 'asaad@gmail.com', 'www.thelaptopsreviews.com', 2, 'There are many choices out there when you need to find one of the small laptops. The mini laptops have become much more popular simply because they are so small and portable.\r\n', '', 'false'),
(163, '2013-07-03 11:36:35', 'www.freephpwebsitehosting.com ', 'asaad@gmail.com', 'www.freephpwebsitehosting.com', 2, 'Be ready to flex your knowledge of film, as some of the film related questions are very tough, dealing with more obscure movies or asking for very specific details about the clips you see (you\\''re not necessarily going to be asked about trivia\r\n', '', 'false'),
(164, '2013-07-03 11:36:50', 'www.dentalhealthblog.eu', 'asaad@gmail.com', 'www.dentalhealthblog.eu', 2, 'We love the idea of connecting with patients through social media. We keep a regularly updated blog about cosmetic dentistry treatments, friendly suggestions from your Brier Creek dentists at Carolina Dental Arts, and the health risks associated with poor dental hygiene.\r\n', '', 'false'),
(165, '2013-07-03 11:38:18', 'www.dietmenuplanner.com ', 'asaad@gmail.com', 'www.dietmenuplanner.com', 3, 'Body Type C people are known to have more lean muscle mass than the rest of the body types. This is good as lean muscle mass increases your metabolism.\r\n', '', 'false'),
(166, '2013-07-03 11:38:40', 'www.eattolivedietplan.com ', 'asaad@gmail.com', 'www.eattolivedietplan.com', 3, 'There is no evidence that people with diabetes need to modify the amount of protein they eat. You should, however, choose proteins that are low in saturated fat such as fish, tofu, beans, nuts, low-fat dairy, lean cuts of beef and white chicken meat cooked without skin.\r\n', '', 'false'),
(167, '2013-07-03 11:38:55', 'www.resturantdeals.eu', 'asaad@gmail.com', 'www.resturantdeals.eu', 3, 'Ask a restaurant consultant about opening a restaurant and you\\''re likely to get a succinct answer: \\"Don\\''t!\\" The failure rate is high, the costs can soar out of control and the hours are brutal.\r\n', '', 'false'),
(168, '2013-07-03 11:57:01', 'ahmed', 'ahmedwasim412@gmail.com', '', 2, 'This dispute, following the miners’ strike a couple <a href=\\"http://degreehouse.org/online-engineering-degree/\\">online civil engineering degree</a> of years before, had a significance outside the print industry.', '', 'false'),
(169, '2013-07-03 12:03:18', 'www.resturantdeals.eu', 'zaidmodle@gmail.com', 'www.hairlosscauses101.com', 3, 'Your doctor will perform a series of tests to determine what could be causing the hair loss, including low levels of iron, abnormal hormone levels, or thyroid function. Once the dermatologist knows what is happening inside your body, they will prescribe medicine according to your situation\r\n', '', 'false'),
(170, '2013-07-03 12:04:00', 'www.ustopcreditcards.com ', 'asaad@gmail.com', 'www.ustopcreditcards.com', 5, 'Then there is the principle that the European Court of Human Rights should not tell us what to do. Along with its twin the European Court of Justice\r\n', '', 'false'),
(171, '2013-07-03 12:04:12', 'www.dslrcamerasguide.com ', 'asaad@gmail.com', 'www.dslrcamerasguide.com', 5, 'Nikon is definitely a trusted brand in the eyes of most photographers. They have been around for several decades and have cameras suitable for both amateurs as well as professionals.\r\n', '', 'false'),
(172, '2013-07-03 12:05:05', 'www.askcreditsolutions.com ', 'asaad@gmail.com', 'www.askcreditsolutions.com', 5, 'The Bank of England’s policy of keeping base rate below the level at which inflation is eroding the real value or purchasing power of money is punishing prudence – but rewarding borrowers by protecting them from the consequences of the credit crisis.\r\n', '', 'false'),
(173, '2013-07-03 12:05:22', 'www.virtualqwertykeyboard.com ', 'asaad@gmail.com', 'www.virtualqwertykeyboard.com', 5, 'With this technology, keyboards are now portable and can be carried just about anywhere without having carrying huge bulks of tools.\r\n', '', 'false'),
(174, '2013-07-03 12:06:48', 'musicdvd.eu', 'zaidmodle@gmail.com', 'www.ustopcreditcards.cowww.musicdvd.eum', 5, 'Then there is the principle that the European Court of Human Rights should not tell us what to do. Along with its twin the European Court of JusticeDance to the music with your baby or toddler in your arms. Let the child feel the music in his body and associate listening to music with the freedom of movement.\r\n\r\n', '', 'false'),
(175, '2013-07-03 12:07:19', 'interiordesignconcepts.eu', 'asaad@gmail.com', 'www.interiordesignconcepts.eu', 1, 'Interior design concepts revolve around the purpose of a room or space. The first step is to choose a design style, then you will need to create a floor plan and pick a color scheme.\r\n', '', 'false'),
(176, '2013-07-03 12:07:35', 'workoutroutine101.com ', 'asaad@gmail.com', 'workoutroutine101.com ', 1, 'Start eating a lot of protein. It is one of the purest, best nutrients for your body. Begin cooking grilled chicken breasts and hamburgers on the grill, just minus any buns. Who said dieting was hard work?\r\n', '', 'false'),
(177, '2013-07-03 12:07:51', 'thewebhostreviews.com ', 'asaad@gmail.com', 'thewebhostreviews.com ', 1, 'Assign an IT plan administrator. Ideally, you would appoint someone whose pulse is on the IT for your industry. Unless you are a company of less than 20 people\r\n', '', 'false'),
(178, '2013-07-03 12:08:06', 'weightlossguide.eu', 'asaad@gmail.com', 'www.weightlossguide.eu', 1, 'Another weight loss tip is to eat 5-9 servings of fruits and vegetables. It will increase your fiber intake, making you feel more full. It will also improve your GI tract health.\r\n', '', 'false'),
(179, '2013-07-03 12:08:40', 'weekendtripsplan.com ', 'asaad@gmail.com', 'www.weekendtripsplan.com ', 1, 'I have heard of coachsurfing but I have to admit Hollywood horror movies make me, an Asian, scared of living in a strangers home during my vacation\r\n', '', 'false'),
(180, '2013-07-03 17:59:07', 'www', 'ronaldsexton@gmail.com', 'rplp.rice.edu/redirect.aspx?url=slimfigure365.com', 3, 'I\\''m amazed, I must say. Seldom do I come across a blog that\\''s both educative and \r\nentertaining, and let me tell you, you have hit the nail on the head.\r\nThe problem is something too few people are speaking intelligently about.\r\nI am very happy I found this in my hunt for something relating to \r\nthis.', '', 'false');

-- --------------------------------------------------------

--
-- Table structure for table `blog_posts`
--

CREATE TABLE IF NOT EXISTS `blog_posts` (
  `postId` int(11) NOT NULL AUTO_INCREMENT,
  `titleId` tinytext,
  `timestamp` timestamp NOT NULL DEFAULT CURRENT_TIMESTAMP ON UPDATE CURRENT_TIMESTAMP,
  `title` tinytext,
  `body` text,
  PRIMARY KEY (`postId`)
) ENGINE=MyISAM  DEFAULT CHARSET=latin1 AUTO_INCREMENT=6 ;

--
-- Dumping data for table `blog_posts`
--

INSERT INTO `blog_posts` (`postId`, `titleId`, `timestamp`, `title`, `body`) VALUES
(1, 'racism-in-football-how-much-has-changed-1', '2012-02-12 12:27:22', 'Racism in football&#8212;how much has changed?', '&lt;?xml version=&quot;1.0&quot;?&gt;\n&lt;article&gt;&lt;para&gt;&lt;![CDATA[Two recent high-profile incidents in English football have raised the spectre once again of racism in the sport. One is the forthcoming trial of Chelsea&#8217;s John Terry on charges of racially abusing an opponent. The other is the similar incident involving Luis Su&#225;rez and Patrice Evra of Liverpool and Manchester United respectively.]]&gt;&lt;/para&gt;&lt;para&gt;&lt;![CDATA[The first of these became even more significant when it apparently forced the resignation of the coach of the English national team, Fabio Capello, over the decision of the FA to strip Terry of the captaincy pending his trial. The latter incident became even more highly-charged yesterday when, only a few days after Su&#225;rez completed an eight-match ban for the incident, Liverpool and Manchester United met in a League match and Su&#225;rez refused the customary pre-match handshake with Evra. This brought harsh words from United manager Alex Ferguson, who went on to suggest that Liverpool Football Club have a particular problem with racism. Liverpool manager Kenny Dalglish on the other hand continued to support his player.]]&gt;&lt;/para&gt;&lt;para&gt;&lt;![CDATA[As a football club, Liverpool certainly have a case to answer. The insistence, by Dalglish in particular, that Su&#225;rez remained innocent throughout all the proceedings was shameful and made the situation worse. The response of the club has continued to be one of playing the victim. When the squad and manager emerged pre-match in t-shirts proclaiming their support for the player shortly after the ban was imposed one&#8217;s heart could only sink with the recognition that the club just didn&#8217;t get it. Their actions have done much to ensure that racism has been shown to be alive within football despite the efforts of many and the very real progress the game has made over the last couple of decades.]]&gt;&lt;/para&gt;&lt;para&gt;&lt;![CDATA[For me, and this appeared to be what Ferguson had in mind when he spoke of the history of racism in Liverpool, my mind went back some twenty three years and the publication of &lt;span class=&quot;namedTitle&quot;&gt;&lt;a href=&quot;http://www.wsc.co.uk/component/page,shop.product_details/flypage,shop.flypage/product_id,47/category_id,9/manufacturer_id,0/option,com_virtuemart/Itemid,67/&quot; class=&quot;newWindow&quot;&gt;Out of His Skin&lt;/a&gt;&lt;/span&gt;, by Dave Hill. This fine book, republished by WSC Books in 2001, described the arrival of John Barnes at Anfield and cleverly interwove this with Barnes&#8217; relatively privileged upbringing, the history of Liverpool as a port with its connections to the slave trade and the city&#8217;s accompanying racism, which manifested itself in two clubs&#8212;Everton as well as Liverpool&#8212;who were always painfully slow to accept black players as part of the modern game. The significance, at the time, of Liverpool signing a black player (though Barnes was not in fact the first) is hard to imagine today. The books tells of Liverpool fans going to games at Goodison Park rather than watch their team field a black player. And the cover shows Barnes deftly back-heeling a banana from the pitch which had been thrown at him from the crowd.]]&gt;&lt;/para&gt;&lt;para&gt;&lt;![CDATA[The book caused quite some unease at Liverpool Football Club on its publication. Quotes from Kop hero Tommy Smith which appeared in the book particularly illustrate the problem. In an interview he gave to Hill, his casual racism was shocking and, in an &lt;a href=&quot;http://www.wsc.co.uk/content/view/1123/38/&quot; class=&quot;newWindow&quot;&gt;introduction to the new edition&lt;/a&gt;, Hill describes how both Smith and Liverpool chairman at the time Peter Robinson responded. Smith threatened legal action, whilst remaining bewildered as to what he had actually done wrong, whilst Robinson declined to speak to him saying &#8220;when someone throws a brick through your window, you don&#8217;t invite them in for a cup of tea&#8221;.]]&gt;&lt;/para&gt;&lt;para&gt;&lt;![CDATA[It is alarming how, despite the giant strides that have been made since, the Su&#225;rez incident suggest some of the fundamental problems remain. The parallels with Dalglish today are uneasy to say the least. The siege mentality that has sprung up at the club, their insistence on themselves and their player as being the victim in the whole affair and, above all, their seeming to remain unaware that they have done anything wrong make uncomfortable parallels with those far off, shameful days.]]&gt;&lt;/para&gt;&lt;para&gt;&lt;![CDATA[Never has there been a more appropriate time for that book to be re-read.]]&gt;&lt;/para&gt;&lt;para&gt;&lt;![CDATA[]]&gt;&lt;/para&gt;&lt;/article&gt;\n'),
(2, 'why-i-wont-be-buying-the-sun-on-sunday-2', '2012-02-26 21:14:32', 'Why I won&#8217;t be buying &lt;span class=&quot;namedTitle&quot;&gt;The Sun on Sunday&lt;/span&gt;', '&lt;?xml version=&quot;1.0&quot;?&gt;\n&lt;article&gt;&lt;para&gt;&lt;![CDATA[From today a new title can be found on Britain&#8217;s news-racks. Called &lt;span class=&quot;namedTitle&quot;&gt;The Sun on Sunday&lt;/span&gt; it is, depending on your point of view, a Sunday version of Britain&#8217;s favourite daily or the now defunct &lt;span class=&quot;namedTitle&quot;&gt;News of the World&lt;/span&gt; under a different name. Featuring columnists as wide-ranging as Katie Price, Nancy Dell&#8217;Olio and Toby Young it&#8217;s clearly a mix of celebrity-obsessed trivia and right-wing tub-thumping. Even the Archbishop of York, John Sentamu, has signed up and his truly bizarre first column (reproduced on his own &lt;a class=&quot;newWindow&quot; href=&quot;http://www.archbishopofyork.org/articles.php/2366/celebrating-new-beginnings&quot;&gt;website&lt;/a&gt;) is as close as you&#8217;ll get to God himself giving the project the thumbs up.]]&gt;&lt;/para&gt;&lt;para&gt;&lt;![CDATA[Needless to say, a paper from the News International stable, released just seven months after the closure of the &lt;span class=&quot;namedTitle&quot;&gt;News of the World&lt;/span&gt; following the disclosure of its phone-hacking activities, was always going to draw opposition. And so it has. People have pledged not to buy it for a number of reasons. Because &lt;span class=&quot;namedTitle&quot;&gt;The Sun&lt;/span&gt; and the &lt;span class=&quot;namedTitle&quot;&gt;News of the World&lt;/span&gt; between them have trivialised our media with an obsession with celebrity culture, because of the phone-hacking scandal&#8212;particularly that concerning Millie Dowler&#8212;or because of the power of these papers which has reached far into successive UK governments. In Liverpool &lt;span class=&quot;namedTitle&quot;&gt;The Sun&lt;/span&gt;&#8217;s reporting after the Hillsborough disaster has ensured that it retains the enmity of those who lost loved ones on that day.]]&gt;&lt;/para&gt;&lt;para&gt;&lt;![CDATA[For me it&#8217;s a bit more personal. Twenty six years ago Rupert Murdoch moved the production of four British newspaper titles&#8212;&lt;span class=&quot;namedTitle&quot;&gt;The Sun&lt;/span&gt;, the &lt;span class=&quot;namedTitle&quot;&gt;Times&lt;/span&gt;, &lt;span class=&quot;namedTitle&quot;&gt;News of the World&lt;/span&gt; and &lt;span class=&quot;namedTitle&quot;&gt;Sunday Times&lt;/span&gt;&#8212;into a purpose-built plant at Wapping, East London. As part of the move he sacked 6,000 printers, journalists and other staff and employed non-union labour to replace them, largely helped by the electricians union, EEPTU, led by Eric Hammond in a move that would see them thrown out of the TUC.]]&gt;&lt;/para&gt;&lt;para&gt;&lt;![CDATA[I was just starting work in the print industry and was a member of the National Graphical Association (NGA). This union, together with SOGAT and the NUJ, led the protests against Murdoch. This dispute, following the miners&#8217; strike a couple of years before, had a significance outside the print industry. It was all part of the agenda of the Thatcher government to roll back the influence of the trade unions from British industry&#8212;an ideological battle that for me was a fundamental attack on core beliefs.]]&gt;&lt;/para&gt;&lt;para&gt;&lt;![CDATA[I participated in protests outside the plant a few times but it was clear that this was an operation planned with military precision and, with the assistance of Her Majesty&#8217;s Constabulary, there was only going to be one winner. And, after a year, so it proved as Murdoch emerged victorious. The new plant was built like a fortress, surrounded by razor wire and the surrounding streets were used as a maze from which lorries would periodically emerge into streets cleared by the police bearing the provocative slogan &#8221;&lt;span class=&quot;namedTitle&quot;&gt;The Sun&lt;/span&gt; keeps on trucking&#8221;. That&#8217;s the thing about people like Murdoch: not only was he carrying out Thatcher&#8217;s agenda, he just had to rub your nose in it as well.]]&gt;&lt;/para&gt;&lt;para&gt;&lt;![CDATA[Of course there have been industrial disputes before and since and a temporary boycott of this or that product seems to be part of my daily life. But this one just won&#8217;t go away. Logically I tell myself to let it go but I still shudder when I see someone buying one of those titles. And to make matters worse, Murdoch has continued his grip on our cultural life with his ownership of Sky, and through that the slow strangulation, in my view, of English football. There can be very few people in the UK that don&#8217;t put a little bit of money into this man&#8217;s pocket.]]&gt;&lt;/para&gt;&lt;para&gt;&lt;![CDATA[So, should I let this go? Probably. But Murdoch has a unique place in my personal rogues&#8217; gallery. And a world that is prepared to allow someone like him to have so much influence and control over so much of peoples&#8217; lives is a world that has a long way to go.]]&gt;&lt;/para&gt;&lt;para&gt;&lt;![CDATA[]]&gt;&lt;/para&gt;&lt;/article&gt;\n'),
(3, 'the-responsive-manifesto-3', '2012-08-18 21:37:19', 'The Responsive Manifesto', '&lt;?xml version=&quot;1.0&quot;?&gt;\n&lt;article&gt;&lt;para&gt;&lt;![CDATA[A spectre is haunting the world wide web&#8212;the spectre of Responsive Web Design. Well not quite perhaps, but it is now a little over two years since the term was coined by Ethan Marcotte in an article on the blog &lt;span class=&quot;namedTitle&quot;&gt;&lt;a href=&quot;http://www.alistapart.com/articles/responsive-web-design&quot; class=&quot;newWindow&quot;&gt;A List Apart&lt;/a&gt;&lt;/span&gt;. This article was later expanded into a &lt;a href=&quot;http://www.abookapart.com/products/responsive-web-design&quot; class=&quot;newWindow&quot;&gt;book&lt;/a&gt;, published by A Book Apart in July last year, since when the idea has spread rapidly amongst designers and developers and I for one have become an enthusiast.]]&gt;&lt;/para&gt;&lt;para&gt;&lt;![CDATA[In this post I want to put the concept of Responsive Web Design into context&#8212;how and why it has become such a big issue over the last couple of years, explain briefly what it is and how it is achieved and finally discuss some of the criticisms that have been made of it, and why I believe these tend to fundamentally misunderstand the concept.]]&gt;&lt;/para&gt;&lt;para&gt;&lt;![CDATA[The main driving force behind the development of the approach has been the increased use of smaller, mobile devices to view online content over the last few years. It is commonly estimated that somewhere around the year of 2014 the use of mobile devices will outstrip desktop devices for viewing online content.]]&gt;&lt;/para&gt;&lt;para&gt;&lt;![CDATA[Initially, the main option for developers was to build a dedicated mobile site. The main drawback to this is that it requires the user to be redirected once their device has been recognised and with the number of available mobile devices increasing at a phenomenal rate it is just impossible to keep up. Not only that but the range of different screen sizes and capabilities of these devices is increasing in a wholly unpredictable way.]]&gt;&lt;/para&gt;&lt;para&gt;&lt;![CDATA[ ]]&gt;&lt;/para&gt;&lt;para&gt;&lt;![CDATA[It is this dilemma which inspired Marcotte to propose the solution of a site which responds to the device on which it is being viewed in a way that makes sense on that device. There are a number of examples of this&#8212;but probably the first major site to use it was the &lt;span class=&quot;namedTitle&quot;&gt;&lt;a href=&quot;http://bostonglobe.com/&quot; class=&quot;newWindow&quot;&gt;Boston Globe&lt;/a&gt;&lt;/span&gt;. Looking at this on a desktop and mobile browser illustrates how the same content can be maximised for the device being used to view it.]]&gt;&lt;/para&gt;&lt;para&gt;&lt;![CDATA[ ]]&gt;&lt;/para&gt;&lt;para&gt;&lt;![CDATA[This is made possible by coding the site within a flexible grid, able to respond to the dimensions of the viewport of the device, and using media queries&#8212;new to the W3C CSS3 specification&#8212;to dynamically trigger changes to the layout based upon various attributes of the display device, such as its width, orientation or aspect ratio.]]&gt;&lt;/para&gt;&lt;para&gt;&lt;![CDATA[But more importantly, to me at least, is the philosophy behind this approach. In the article and the book Ethan Marcotte is not just presenting a &#8216;how to&#8217; but is also positing a change in our way of thinking about the web. In this, his starting point is an article by John Allsopp, &lt;span class=&quot;namedTitle&quot;&gt;&lt;a href=&quot;http://www.alistapart.com/articles/dao/&quot; class=&quot;newWindow&quot;&gt;A Dao of Web Design&lt;/a&gt;&lt;/span&gt;, which appeared on &lt;span class=&quot;namedTitle&quot;&gt;A List Apart&lt;/span&gt; some ten years earlier.]]&gt;&lt;/para&gt;&lt;para&gt;&lt;![CDATA[The main point Marcotte takes from this is that developments from one media to another inevitably see some elements of the old carried on into the new, even after they have ceased to make sense. This can be best understood by considering parallel developments in other media such as how theatre gave rise to cinema. In its early days films were essentially made by placing a camera in front of actors in a theatrical setting. As the medium evolved&#8212;both through technical advances, and through its own language becoming better understood&#8212;it gradually created its own ways of doing things, casting off the redundant values of its ancestor.]]&gt;&lt;/para&gt;&lt;para&gt;&lt;![CDATA[When applied to web, this refers to how this medium has developed out of print and borrows from it notions such as a clearly defined space&#8212;the printed page&#8212;in which to work and others, such as &#8216;masthead&#8217;, &#8216;white-space&#8217;, &#8216;leading&#8217; and &#8216;fold&#8217;. All of this must be jettisoned in favour of web defining its own rules; what have been seen hitherto as &#8216;limitations&#8217; of the web, as against print, should instead be seen as strengths.]]&gt;&lt;/para&gt;&lt;para&gt;&lt;![CDATA[So to the criticisms. I&#8217;ll cover some of the main ones I have come across here, which all have a certain degree of validity, but for me all miss the essential point.]]&gt;&lt;/para&gt;&lt;para&gt;&lt;![CDATA[Broadly speaking, there are three main strands of criticism that I have noticed. The first of these argue that Responsive Design is not as good as a dedicated mobile site because it is difficult to optimise certain elements (especially images) for an unknown device. This is an important point when considering the potentially limited bandwidth available to mobile devices and the image-heavy nature of many desktop sites. Whilst there are discussions around how to better mark up images in HTML&#8212;including suggestions to introduce a &#8216;picture&#8217; tag along the lines of &#8216;video&#8217; and &#8216;audio&#8217; ones&#8212;it remains the case that there is no easy way to serve up smaller images to mobile devices in a responsive site.]]&gt;&lt;/para&gt;&lt;para&gt;&lt;![CDATA[ ]]&gt;&lt;/para&gt;&lt;para&gt;&lt;![CDATA[Another is that the approach mixes the concepts of the device and the context in which it is used. In other words it is not just about screen sizes but how and when people use the device. Think of a restaurant site for instance. At home your concern may be to find a good restaurant for an evening out. Detailed descriptions of menus and so on will be more appropriate than when you are on the move and your needs are more basic: where is it? Is it open? What&#8217;s the phone number? A dedicated mobile site, it is argued, is more able to serve up aspects of the content appropriate to the context in which it is viewed.]]&gt;&lt;/para&gt;&lt;para&gt;&lt;![CDATA[It is also argued that a responsive approach can have a negative impact on the user experience when elements move from one place to another, less familiar one. This is, to my mind, the most convincing argument against a responsive approach&#8212;though not one that is unique to it: a dedicated mobile site is subject to similar criticisms.]]&gt;&lt;/para&gt;&lt;para&gt;&lt;![CDATA[Valid criticisms all. But they serve to highlight the way that the rise of the mobile device has thrown the whole game wide open. Of course large images should not clog up a user&#8217;s bandwidth on a mobile device, but look again at the &lt;span class=&quot;namedTitle&quot;&gt;Boston Globe&lt;/span&gt; site, preferably on a desktop browser and change the size of the viewport. Image sizes do not change that much between a large or small sized browser window. The design, created with the mobile device foremost in mind, does not call for large images. If your design calls out for large images then the responsive route is not for you. But maybe all sites should move away from this and designers should be encouraged to come up with design solutions rather than rely on technical ones.]]&gt;&lt;/para&gt;&lt;para&gt;&lt;![CDATA[The argument over context versus content can be viewed in a similar light. The use of a mobile device does not necessarily imply the user is away from their desktop computer&#8212;browsing on a mobile whilst at home is increasingly common. In other words changing the content for different devices is the wrong approach&#8212;changing how that content is presented is a better one.]]&gt;&lt;/para&gt;&lt;para&gt;&lt;![CDATA[ ]]&gt;&lt;/para&gt;&lt;para&gt;&lt;![CDATA[Responsive Web Design is, to my mind, primarily about adopting a different philosophy to the development of sites&#8212;beginning with mobile devices&#8212;which should lead to the adoption of better practices on all devices. The mobile-enabled world into which we are now moving presents us with challenges for sure but, armed with a clear idea of how to approach these, and with good concepts of user-oriented design these are challenges we should relish. It is early days for the responsive approach but we as developers have the opportunity to break the chains binding us to the practices of yesterday and take a step towards declaring the web as its own medium. And that&#8217;s quite a revolutionary idea!]]&gt;&lt;/para&gt;&lt;para&gt;&lt;![CDATA[]]&gt;&lt;/para&gt;&lt;/article&gt;\n'),
(5, 'the-assange-debate-leads-down-a-blind-alley-5', '2012-08-23 22:27:19', 'The Assange debate leads down a blind alley', '&lt;?xml version=&quot;1.0&quot;?&gt;\n&lt;article&gt;&lt;para&gt;&lt;![CDATA[I&#8217;ve spent a fair bit of the last few days following the debate surrounding WikiLeaks founder Julian Assange, as he remains holed up in the Ecuadorian embassy in London. Over that time I have become increasingly dismayed at the way this has proceeded, and in particular how the British left has been split down the middle over the issue. I have been angry too at how the level of debate has sunk so low. I find it hard to remember an issue that has proved so divisive, and that has driven journalists and writers whose work I otherwise respect to contribute such poor analysis and resort so easily to name-calling&#8212;and I&#8217;ve been around a bit.]]&gt;&lt;/para&gt;&lt;para&gt;&lt;![CDATA[When talking of Assange supporters or critics we clearly need to be aware that each of these broad categories covers a wide range of opinion. Nonetheless his supporters generally have in common the claim that he would be in grave danger if he were to be extradited to the USA on charges relating to WikiLeaks&#8217; activities, and that such an extradition would be the likely outcome of his being returned first to Sweden to face allegations of rape so this must be avoided at all costs. His critics meanwhile have grasped the tendency of some of their opponents to downplay the rape accusations in one way or another and to appeal to the existing laws of Sweden and the UK to prove that he must return to Sweden. This they do with a mixture of complacency and lack of interest in the possibility that the USA may also become involved. Sadly it doesn&#8217;t rise much above that.]]&gt;&lt;/para&gt;&lt;para&gt;&lt;![CDATA[What has probably angered me most in the debate has been the way two principles have been counter-posed: as if we are being forced by this issue to choose which trumps which&#8212;women&#8217;s rights or freedom of speech. From where I am though it seems pretty clear. Assange should be protected from the probable attempts by the USA to extradite him. For me there is no doubt that they would like to use him through something akin to a show-trial to demonstrate what happens to those who reveal the truth about their actions in Iraq, Afghanistan and elsewhere. If this were to be allowed to happen it would be a massive blow against the principle of free speech and it must be resisted. Does that mean we should be happy to see him escape the allegations in Sweden? Definitely not. They are very serious and he must be made to answer them, whether that happens by Sweden undertaking to resist US extradition requests or the legal process happening, partially at least, in a third country. Anyone who supports the principles of free speech and women&#8217;s rights should unite to ensure that both of these come to pass.]]&gt;&lt;/para&gt;&lt;para&gt;&lt;![CDATA[So just why are so many convinced that they are being forced into making this choice? It seems to  be the result of three combined factors which together create a poisonous climate in which a proper debate cannot take place.]]&gt;&lt;/para&gt;&lt;para&gt;&lt;![CDATA[The first of these is the specific allegations made in Sweden. The sexual nature of these is guaranteed to drive a wedge between campaigners. It has also allowed a climate of misogyny to enter the debate as many of Assange&#8217;s defenders try to minimise the seriousness of these and has led in turn to the accusation from many of his critics that pretty much everyone who defends him from possible US intervention, irrespective of the merit of their arguments, is a rape apologist.]]&gt;&lt;/para&gt;&lt;para&gt;&lt;![CDATA[The second factor is the personalisation of the issue around Assange himself. The sneering at the balcony appearance and other various judgements on his character have no place in this debate. They are irrelevant. This isn&#8217;t centrally about Julian Assange. This is about two central principles. If we get it right in this case the fight for both of those principles could be massively strengthened. Get it wrong&#8212;and that&#8217;s where we are heading right now&#8212;and one, or more likely both, will be weakened.]]&gt;&lt;/para&gt;&lt;para&gt;&lt;![CDATA[Finally I have been angered by the way that so much of the so-called debate has been conducted on the basis of existing law. Liberal lawyer &lt;a href=&quot;https://twitter.com/DavidAllenGreen&quot; class=&quot;newWindow&quot;&gt;David Allen Green&lt;/a&gt; has become the spokesperson for this tendency through his recent &lt;span class=&quot;namedTitle&quot;&gt;New Statesman&lt;/span&gt; &lt;a href=&quot;http://www.newstatesman.com/blogs/david-allen-green/2012/08/five-legal-myths-about-assange-extradition&quot; class=&quot;newWindow&quot;&gt;article&lt;/a&gt; and this has been dutifully quoted from numerous times to conclude that the existing law can be the only arbiter of what happens. But this misses the crucial point that the law remains in the last resort not a neutral force, standing above politics, but a tool for the maintenance of existing power structures. No-one who has been involved in an industrial dispute can deny this. But this week I have been witnessed otherwise respectable figures on the left stagger up to the insurmountable barrier of the law over whether Swedish police could come to the UK to interview Assange. Or whether Sweden would extradite him anyway. The otherwise brilliant journalist &lt;a href=&quot;https://twitter.com/OwenJones84&quot; class=&quot;newWindow&quot;&gt;Owen Jones&lt;/a&gt; in his &lt;a href=&quot;http://www.independent.co.uk/opinion/commentators/owen-jones-there-should-be-no-immunity-for-julian-assange-from-these-allegations-8053869.html&quot; class=&quot;newWindow&quot;&gt;article&lt;/a&gt; in &lt;span class=&quot;namedTitle&quot;&gt;The Independent&lt;/span&gt;, while correctly demanding that Assange stands trial is particularly complacent on these points.]]&gt;&lt;/para&gt;&lt;para&gt;&lt;![CDATA[The combination of these three factors has led the British left down a total blind alley, where spiteful name-calling has replaced genuine debate. My plea now is for all who want to see justice served wise up and help see this through to a progressive end. This impasse could be solved if the political will was there and people who want to see justice served for Assange&#8217;s alleged victims whilst maintaining the right of freedom of speech stood up together and demanded it.]]&gt;&lt;/para&gt;&lt;para&gt;&lt;![CDATA[]]&gt;&lt;/para&gt;&lt;/article&gt;\n');

-- --------------------------------------------------------

--
-- Table structure for table `blog_tags`
--

CREATE TABLE IF NOT EXISTS `blog_tags` (
  `tagId` int(11) NOT NULL AUTO_INCREMENT,
  `tagNameId` int(11) DEFAULT NULL,
  `postId` int(11) DEFAULT NULL,
  PRIMARY KEY (`tagId`)
) ENGINE=MyISAM  DEFAULT CHARSET=latin1 AUTO_INCREMENT=15 ;

--
-- Dumping data for table `blog_tags`
--

INSERT INTO `blog_tags` (`tagId`, `tagNameId`, `postId`) VALUES
(1, 1, 1),
(2, 2, 1),
(3, 3, 1),
(4, 4, 2),
(5, 5, 2),
(6, 6, 2),
(7, 1, 3),
(8, 7, 3),
(9, 8, 4),
(10, 9, 4),
(11, 10, 4),
(12, 4, 5),
(13, 11, 5),
(14, 12, 5);

-- --------------------------------------------------------

--
-- Table structure for table `blog_tag_names`
--

CREATE TABLE IF NOT EXISTS `blog_tag_names` (
  `tagNameId` int(11) NOT NULL AUTO_INCREMENT,
  `name` tinytext,
  PRIMARY KEY (`tagNameId`)
) ENGINE=MyISAM  DEFAULT CHARSET=latin1 AUTO_INCREMENT=13 ;

--
-- Dumping data for table `blog_tag_names`
--

INSERT INTO `blog_tag_names` (`tagNameId`, `name`) VALUES
(1, 'football'),
(2, 'racism'),
(3, 'Liverpool'),
(4, 'politics'),
(5, 'Sun on Sunday'),
(6, 'Rupert Murdoch'),
(7, 'nothing'),
(8, 'web design'),
(9, 'responsive web design'),
(10, 'web development'),
(11, 'WikiLeaks'),
(12, 'Julian Assange');

/*!40101 SET CHARACTER_SET_CLIENT=@OLD_CHARACTER_SET_CLIENT */;
/*!40101 SET CHARACTER_SET_RESULTS=@OLD_CHARACTER_SET_RESULTS */;
/*!40101 SET COLLATION_CONNECTION=@OLD_COLLATION_CONNECTION */;
